{"cameraMode":{"drawMode":0,"name":"Shaded","section":"Shading Mode"},"sceneLighting":true,"audioPlay":false,"sceneViewState":{"m_AlwaysRefresh":false,"showFog":true,"showSkybox":true,"showFlares":true,"showImageEffects":true,"showParticleSystems":true,"showVisualEffectGraphs":true,"m_FxEnabled":true},"in2DMode":false,"pivot":{"x":-3.871943950653076,"y":2.077894926071167,"z":1.7129547595977784},"rotation":{"x":0.1596805304288864,"y":-0.045004621148109439,"z":0.007043260615319014,"w":0.9862020015716553},"size":0.034239672124385837,"orthographic":false}